S_1,S_2,S_3,S_4,S_5,S_6,S_7,S_8,S_9,S_10,S_11,Dlt_1,Dlt_2,Dlt_3,Dlt_4,Dlt_5,Dlt_6,Dlt_7,Dlt_8,Dlt_9,Dlt_10,Dlt_11,Dst_1,Dst_2,Dst_3,Dst_4,Dst_5,Dst_6,Dst_7,Dst_8,Dst_9,Dst_10,Dst_11,Dlnt_1,Dlnt_2,Dlnt_3,Dlnt_4,Dlnt_5,Dlnt_6,Dlnt_7,Dlnt_8,Dlnt_9,Dlnt_10,Dlnt_11,Su_1,Su_2,Su_3,Su_4,Su_5,Su_6,Su_7,Su_8,Su_9,Su_10,Su_11,lSlotted_1,lSlotted_2,lSlotted_3,lSlotted_4,lSlotted_5,lSlotted_6,lSlotted_7,lSlotted_8,lSlotted_9,lSlotted_10,lSlotted_11,lUnslotted_1,lUnslotted_2,lUnslotted_3,lUnslotted_4,lUnslotted_5,lUnslotted_6,lUnslotted_7,lUnslotted_8,lUnslotted_9,lUnslotted_10,lUnslotted_11
0,0,0,0,0,0,0,0,0,0,0,649.958682268151,389.896149550463,132.734073982549,54.6088810485643,101.636321692232,159.934034980197,214.346488194911,228.644818742218,210.94453146476,128.237505155275,72.213886386823,291.357091858337,193.703101545404,107.560331066019,135.213135302664,136.852634610274,144.542977701977,153.039654034205,134.192385494074,89.4831975416612,55.6465237450174,67.8787599065315,65.7807226793128,40.6566355972896,47.9800802944879,35.6898941617637,27.964816391308,33.6570460325728,38.2988490576882,27.26029740584,18.0063470882597,24.6029552300069,36.0052547406675,0.999999989053969,52.4742963167922,41.9794370414261,82.5165192528933,66.013215394745,98.4680826686662,78.7744661177755,108.256915686815,86.6055325303458,114.467727585653,91.574182063229,0,0,0,0,0,0,0,0,0,0,0,51.7942963272969,0,48.9329696220756,0,45.6575103617804,0,45.2373428078137,0,45.1833015718474,0,45.1761545885328
3.99999998047711,3.99999997416185,3.99999997380561,3.99999997359175,3.99999997331716,3.99999997299722,3.99999997266351,3.99999997235928,3.9999999721275,3.99999997199366,3.99999997194994,759.936776582728,459.377886719935,149.114407334197,84.247533389668,149.895525901345,220.513285283121,274.274728553857,272.591600087177,233.61398044846,137.027684382697,77.1154336020517,351.068128298818,213.871001768149,139.893347185783,169.487370999942,169.719997246826,175.512360851431,175.404138819988,145.128363762404,97.8789005667238,68.6950913472673,83.3016022171468,82.1402473078764,46.0022517426667,57.1335491432441,41.2524842955934,33.9844522036644,40.6086396013197,41.5943672750169,29.0252423297084,22.8388564447754,31.2709805670242,41.124900980095,0.999999975596392,52.4742963040644,41.979437019885,82.5165192267673,66.0132153530918,98.4680826178516,78.7744660532069,108.256915620427,86.6055324649761,114.467727529335,91.5741820172115,0.799999996095423,0.799999994832369,0.799999994761122,0.799999994718349,0.799999994663433,0.799999994599443,0.799999994532702,0.799999994471857,0.7999999944255,0.799999994398732,0.799999994389988,51.7942963281618,0,48.9329696220817,0,45.657510361779,0,45.2373428078181,0,45.1833015718426,0,45.1761545885324
3.99999995627702,3.99999994188373,3.99999994084881,3.99999993998486,3.99999993908813,3.9999999382293,3.99999993748216,3.99999993690683,3.99999993653246,3.99999993634513,3.99999993628798,917.251318784056,531.493899634543,179.016750235119,137.027010284194,225.604869227736,304.475774011201,347.15378214207,320.138937505452,256.612880648885,146.993717449971,84.5401660317172,453.585855410506,242.180305978773,186.117481391043,215.882258956994,211.621477584665,211.073665453372,198.184100604341,157.243701904418,110.355498908404,86.5792395620494,103.347503675726,106.769650650612,54.9249459207056,67.8191239874372,48.3274566060664,41.7976708517954,48.0338170135984,44.766517236987,32.1808709543519,29.5666309008799,39.0571356690205,46.8117378512076,5.99999967207762,56.1242167668032,44.8993733408368,84.8524682462603,67.8819745018963,99.9630898904224,79.9704718189797,109.213720205485,87.3709761132803,115.080082442014,92.0640659453903,0.799999991255403,0.799999988376747,0.799999988169761,0.799999987996972,0.799999987817627,0.799999987645861,0.799999987496433,0.799999987381366,0.799999987306493,0.799999987269025,0.799999987257596,52.0442170930542,0,48.932969622079,0,45.6575103617792,0,45.2373428078131,0,45.1833015718494,0,45.1761545885346
63.9999985712957,63.9999980679598,63.9999980123473,63.9999979655816,63.9999979245892,63.9999978910443,63.9999978658398,63.9999978488864,63.9999978390771,63.9999978344693,63.9999978327241,1201.91622084797,610.400392046315,238.807561063643,230.678495368611,340.829968356462,415.309697262397,431.429030622527,369.835829388928,280.412464346437,159.832617381001,96.8596855857689,617.668747712126,287.927879319573,252.800851460723,277.365550758286,262.59639615727,249.632406321294,221.280674525361,172.648369093354,129.290153930882,111.468845753814,130.395727412559,139.690749716281,69.0561858000622,80.39627843217,57.3425968518512,51.3957870472631,55.5473169102548,48.408692489681,37.5428556186994,38.5398864963263,48.105598756164,53.3392658495484,18.9999978792671,65.6142446278171,52.4913954171778,90.9260857640406,72.7408683200384,103.850204827183,83.0801636572542,111.701473623583,89.3611788132632,116.672244590289,93.3377956563229,12.7999997142591,12.799999613592,12.7999996024695,12.7999995931163,12.7999995849178,12.7999995782089,12.799999573168,12.7999995697773,12.7999995678154,12.7999995668939,12.7999995665448,52.6942467846427,0,48.9329696220793,0,45.6575103617831,0,45.2373428078178,0,45.1833015718464,0,45.1761545885379
230.998774118712,230.99877025648,230.998769641862,230.998769160784,230.998768787724,230.998768515189,230.998768330245,230.99876821555,230.998768151209,230.998768117312,230.998768096954,1717.27753191829,716.84220439563,360.073109826749,389.699509056056,505.878494156659,552.264071637308,523.687703346733,420.954334690552,307.286685765733,179.530170088074,119.199381187798,840.832746007396,365.855752444973,346.818729398922,354.750960954518,320.46620966269,289.499020016487,246.435836249081,195.189423859942,158.439128396304,146.946759140519,168.038703425932,177.02478897284,89.9416213993697,95.0613450621074,68.5624144985335,62.415742496221,63.1314934795588,53.6554301843787,46.0716238389596,50.1411210542428,58.6666982371911,61.0449872385677,27.9999944886609,72.1843215914693,57.7474563128721,95.1309336685679,76.1047461666786,106.541306846175,85.2330450504388,113.423778636567,90.7390227512902,117.774519706304,94.2196157131438,46.1997548237425,46.1997540512961,46.1997539283725,46.1997538321568,46.1997537575448,46.1997537030379,46.1997536660489,46.19975364311,46.1997536302417,46.1997536234625,46.1997536193908,53.1443275678541,0,48.9329692195952,0,45.6575103617783,0,45.2373428078132,0,45.1833015718458,0,45.1761545885294
27.9999983256473,27.9999973839034,27.9999971917352,27.9999970495313,27.9999969466938,27.9999968758783,27.9999968296586,27.9999968009023,27.9999967832226,27.9999967714398,27.9999967619595,2490.24960538589,904.770370668175,590.733904211207,637.26948177589,722.399316852268,708.982141323072,620.594199622097,476.149516764407,344.145474459492,215.406424059978,162.523116930635,1083.62276101451,493.651553820052,470.593546033242,444.171587293056,381.525202532401,331.248576384082,278.908062615993,231.460316816332,203.833791096971,198.577930565769,221.287605687747,212.235487116543,118.134004654432,111.531266855296,81.8868710527796,74.4757065096177,71.6560992041054,62.2326373602389,58.8388156659042,64.7993565706909,71.0743304159665,70.3109571787021,120.992557885985,140.06387294549,112.048449106485,138.571725659476,110.857377982872,134.343402223468,107.474720669968,131.217118791898,104.973694619255,129.162289082804,103.329831047581,5.59999966512946,5.59999947678069,5.59999943834704,5.59999940990626,5.59999938933876,5.59999937517567,5.59999936593173,5.59999936018045,5.59999935664452,5.59999935428796,5.59999935239189,57.7937959678464,0,48.9329692195971,0,45.6575012390307,0,45.2373428078132,0,45.1833336082715,0,45.1761545885275
34.9999972277884,34.9999951101333,34.9999945894533,34.9999942079333,34.9999939351775,34.9999937469055,34.9999936203496,34.9999935353645,34.999993475475,34.999993428649,34.9999933875523,3383.90654371263,1264.77947553971,976.156260243734,977.834150347392,978.250781449711,877.292391100246,725.31895661788,547.923090781421,408.760450957819,287.887572574095,248.501302603236,1302.9897428161,679.888604897435,615.353695874528,537.610282767649,444.882251944251,381.772252653699,329.626256234959,292.051189213251,274.455963637369,273.847748910154,295.993302666891,243.65902990231,151.666383134677,128.948886477762,97.1465561857107,88.0946485955448,83.3289692570757,76.3616565258547,76.9062814534493,82.8913770954219,85.6378472080096,81.4946097695727,158.987238209883,167.79306545605,134.230706040049,156.314894808264,125.049302230852,145.696948783133,116.55755639239,138.483386506629,110.786708020487,133.812699283566,107.050158641244,6.99999944555768,6.99999902202666,6.99999891789066,6.99999884158666,6.99999878703549,6.9999987493811,6.99999872406991,6.99999870707291,6.99999869509499,6.99999868572979,6.99999867751046,59.6936224070695,0,48.9329696220859,0,45.6575103617785,0,45.2373428078088,0,45.1833336082766,0,45.1761545885376
40.999996244341,40.9999923877127,40.9999912485349,40.9999903805193,40.9999897356836,40.9999892687933,40.9999889339372,40.9999886891384,40.9999885001429,40.9999883427565,40.9999882031437,4233.65485881237,1872.48006932338,1515.98052075542,1384.27719219559,1256.38487200695,1062.7873409481,862.177805250531,670.845172847806,539.461221152091,435.301633898875,413.115521801416,1526.88796305505,905.249569729261,762.027359032359,632.002203730003,521.067933044095,458.809473475484,416.556536036918,391.374208473985,380.83249136925,379.850991357575,396.186559015906,280.526906330885,185.546649728087,146.959744749301,115.402364942381,105.828237896715,101.658063204152,98.2718467135906,100.890358433518,104.397560236191,102.378768828009,94.734083847984,232.980984522954,221.794935871264,177.42532297989,190.868378501833,152.689970543867,167.807642958328,134.246107514049,152.634224811335,122.107376331119,142.869232329507,114.29538343112,8.19999924886821,8.19999847754254,8.19999824970698,8.19999807610385,8.19999794713672,8.19999785375866,8.19999778678743,8.19999773782767,8.19999770002859,8.1999976685513,8.19999764062874,63.3932328743538,0,48.9329692195942,0,45.6575103617862,0,45.2373428078152,0,45.1833336082763,0,45.176154588529
36.9999965087576,36.9999918046316,36.9999901217393,36.9999887476222,36.999987660112,36.9999868221467,36.9999861821306,36.9999856849965,36.9999852822201,36.9999849386048,36.9999846341694,5082.08550579537,2685.77362336723,2142.09412078987,1823.67917616811,1571.54027141567,1314.75960861208,1096.70976244498,913.055011649981,799.256182882183,711.654209052528,699.509218169234,1833.09120238946,1125.88045635652,903.305896117029,746.568817878059,639.407394481089,590.492008384516,560.443619212158,541.771911214332,528.480621438337,517.080607366796,518.937986248847,330.88779383232,215.626704363596,168.380455033605,140.540939582883,132.286579506361,130.131872800043,128.850541458071,130.00043831332,128.301652965591,120.66674437684,109.711398996273,529.941307468857,438.525136794046,350.790803057599,329.543287876801,263.61792266973,256.543898274716,205.227741796017,209.415358494735,167.528036336032,179.202397475771,143.358381154811,7.39999930175152,7.39999836092632,7.39999802434787,7.39999774952445,7.3999975320224,7.39999736442935,7.39999723642612,7.3999971369993,7.39999705644402,7.39999698772095,7.39999692683389,78.2412676505245,0,48.9329696220802,0,45.6575103617794,0,45.2373428078114,0,45.1833336082766,0,45.1761545885284
2528.93648070993,2466.32751197074,2506.68545738154,2498.62658899558,2500.23996625965,2499.92243097685,2499.98661235016,2499.97504444113,2499.9812474945,2499.98095817527,2499.98199452989,5981.09381222188,3541.14016824664,2797.17625390816,2334.62423703954,2016.97274061767,1743.45036492953,1532.2380071917,1359.50696491394,1251.11879610079,1158.38955049272,1130.04270557942,2188.55131658137,1328.53132677464,1075.7273022064,928.142582224352,837.498012514452,798.771019438637,768.098036177402,739.083096364316,706.93480413883,672.465538539838,651.218799641778,382.784868442735,246.01955315197,200.405911397432,178.050575927605,171.018877077824,168.977593341813,165.548427586979,161.098470567616,152.369218410782,139.341003582533,125.932754771273,333.960067915969,295.481251423018,236.363509880761,238.00725557906,190.39172244087,197.960177497341,158.357339502456,171.919394345646,137.531527577992,155.205500031178,124.16110981193,471.063519290067,533.672488029263,493.314542618463,501.373411004422,499.760033740351,500.077569023151,500.013387649837,500.024955558872,500.018752505499,500.01904182473,500.018005470113,68.4422281097423,0,48.9329696220744,0,45.6575103617748,0,45.2373428078194,0,45.1833336082753,0,45.1761545866957
207.998689719289,207.99626592281,207.995053429904,207.993757918366,207.992499215651,207.991484803226,207.99052130165,207.989607766783,207.988742849854,207.987926132703,207.987161645551,6670.48282221766,4365.12160709625,3558.60065168873,3054.36204170268,2728.08327706092,2452.94376596207,2233.44330237124,2038.55592914574,1894.68827208946,1755.10875345649,1672.49985362699,2462.82855848835,1576.5155452776,1341.27372108406,1209.33408216592,1118.8379494152,1066.30916658077,1011.0573674532,952.267495349389,888.474940456281,824.834919279255,779.669092161671,422.375133236541,287.925373626365,248.115032091035,228.275317568145,218.798216713241,212.198609507399,202.113218278221,189.960050141507,174.879335973048,158.430846598771,144.348205974329,186.98558581922,188.220002188183,150.562373256647,169.372206340441,135.487023647547,154.038818622362,123.221946282725,143.808524928599,115.039672125511,137.211549894955,109.765153259791,41.5997379438577,41.5992531845619,41.5990106859807,41.5987515836733,41.5984998431301,41.5982969606452,41.5981042603301,41.5979215533566,41.5977485699709,41.5975852265405,41.5974323291102,61.0934409242555,0,48.9329692195887,0,45.6575103617788,0,45.2373428078126,0,45.1833336082737,0,45.1761545885249
35.9999968000888,35.9999911357359,35.9999881336402,35.9999850743044,35.9999820795651,35.9999792829276,35.9999767627427,35.9999745197289,35.9999724968199,35.999970625972,35.9999688677092,7038.82907658446,5262.2130209797,4528.93044475089,4033.9624849499,3695.39928150877,3385.44980690026,3112.86938576081,2850.84742885912,2632.84776315632,2416.93889120127,2260.56486499626,2683.35348120672,1917.39102808909,1688.04806208652,1540.21674159379,1419.22250771086,1331.10965755188,1239.56828602124,1148.58973501118,1058.04669784276,974.893756745424,917.672437692515,463.57223878908,341.601347784254,303.509077896672,281.174090975598,265.463031885988,251.548861437501,234.291065899286,216.615407105802,198.780685297848,182.207115966101,169.610824520341,186.983604881562,188.217400808428,150.558766441809,169.367934581707,135.480882302175,154.032022234293,123.214031990379,143.801890731343,115.034481340213,137.205399873207,109.75793072118,7.19999936001776,7.19999822714718,7.19999762672804,7.19999701486087,7.19999641591301,7.19999585658552,7.19999535254854,7.19999490394578,7.19999449936399,7.19999412519439,7.19999377354185,61.0934587305156,0,48.9329696220781,0,45.6575103617789,0,45.2373428078155,0,45.1833025062907,0,45.1761545866888
13.999998788229,13.999996624341,13.9999954768397,13.9999942583518,13.999992997669,13.9999917509467,13.9999905700616,13.999989477236,13.9999884603907,13.9999874921158,13.9999865555671,7350.4080548182,6156.54824546915,5522.69304070652,5033.43295192205,4668.82475682055,4312.82386699226,3983.78855683588,3660.27432100378,3381.91542225123,3109.58450409186,2903.47654034145,2939.06869377766,2255.15777643457,2002.02986900723,1823.9952446582,1673.77812663534,1562.63210795556,1453.82093601312,1352.40844904562,1256.60969061343,1173.1106627968,1119.43761765503,510.814433707115,389.747179681812,352.136733354144,327.580700432502,306.97631144094,288.405723927313,268.141243118434,249.708762220934,233.082572989461,218.754759138224,208.554481060803,150.986449522987,161.944406226646,129.543266419825,152.557682161665,122.034371831973,143.275900267535,114.610037655812,136.91688329677,109.523818857441,132.794701602905,106.226583406018,2.7999997576458,2.79999932486821,2.79999909536794,2.79999885167035,2.7999985995338,2.79999835018934,2.79999811401233,2.79999789544721,2.79999769207815,2.79999749842315,2.79999731111343,59.293492208042,0,48.9329696220867,0,45.6575103617759,0,45.2373428078112,0,45.1833015718486,0,45.1761545885325
1.99999984305986,1.99999954605852,1.99999939302876,1.99999922875083,1.99999905310299,1.99999887160069,1.99999869248168,1.99999852158994,1.99999835905765,1.99999820076412,1.99999804365907,7559.78323320768,6746.58282246279,6237.03737882287,5801.74712010658,5470.79279118579,5135.08762463631,4817.60774869842,4498.07078669944,4219.29489002707,3942.9099336088,3731.05170157335,3114.14242367814,2498.45707978538,2247.43829107014,2073.75913707699,1930.41010879584,1829.09963804795,1730.02371143573,1638.29841477704,1550.33620573616,1473.22232871883,1424.52046953831,537.797691169774,428.811470929886,397.733010057904,375.38610454719,353.734874088124,334.373532816851,314.580986606671,297.707950471123,283.029020946317,270.320904668076,261.103160451499,76.9947662437135,107.943335586526,86.347259522908,118.004909754257,94.3959921065379,121.168021432821,96.9264379954515,122.772232233307,98.2094397033883,123.744585767304,98.9873517019809,0.399999968611972,0.399999909211704,0.399999878605753,0.399999845750166,0.399999810620598,0.399999774320138,0.399999738496336,0.399999704317987,0.399999671811529,0.399999640152824,0.399999608731815,55.5939358311167,0,48.9329696220789,0,45.657510361771,0,45.2373428078165,0,45.18330250629,0,45.1761545885378
13.9999988668706,13.9999967493961,13.9999956439161,13.9999945857691,13.9999934451343,13.9999922346333,13.9999910026947,13.9999898012336,13.9999886466198,13.9999875094485,13.9999863603932,7609.8882873523,7097.92142147847,6758.75145960106,6443.22034324997,6213.41322982377,5962.52938806044,5714.57112735017,5448.0038510486,5207.563088325,4955.14288045349,4755.46827844403,3183.19094420392,2740.28390409719,2527.2692594264,2381.61271244995,2259.3412365504,2174.04655201438,2084.24946951639,1996.60303637727,1907.14481839814,1824.92371533339,1768.90793429954,554.429264233197,475.778239042953,451.777452932182,431.00336040237,408.10443547311,387.968240314636,368.252360471212,351.847187280241,337.462438586619,324.507812334293,314.517043613019,110.989790893751,132.75015077718,106.188932994822,133.875841252728,107.090295170373,131.321478709576,105.047078760392,129.266905934288,103.403585985675,127.898256801009,102.308730870032,2.79999977337413,2.79999934987923,2.79999912878321,2.79999891715381,2.79999868902687,2.79999844692666,2.79999820053895,2.79999796024673,2.79999772932396,2.79999750188969,2.79999727207864,57.2937479600711,0,48.9329696220796,0,45.6575012390303,0,45.2373428078123,0,45.1833015718483,0,45.1761545885274
27.9999978568947,27.9999938592728,27.9999917148911,27.9999895142591,27.9999872017067,27.9999847911093,27.9999822970803,27.9999799773707,27.9999777494973,27.9999755629396,27.999973341797,7741.30157143182,7420.07441820935,7211.47382420394,6996.2952914938,6854.7525598636,6681.92141600986,6501.74838432819,6289.95031013728,6091.44888271379,5866.56439155615,5681.64047073442,3258.77030890666,2996.22312644946,2812.18905170118,2679.69075559781,2564.15992669297,2482.4243214719,2391.64977568945,2300.00333671907,2203.05285821403,2112.00681315046,2047.41958139481,582.736981209922,519.21505649687,496.7099209957,474.971417146263,450.632492164443,430.326493275494,411.351798630704,395.98424220503,382.454174031001,369.902609784075,359.917676644216,52.9977520860273,90.4296696633428,72.3373179706017,106.797714125062,85.4306608352187,113.996051738936,91.1889021237662,118.18252601683,94.5383811481145,120.807956058484,96.638592590104,5.59999957137893,5.59999877185455,5.59999834297822,5.59999790285181,5.59999744034134,5.59999695822186,5.59999645941605,5.59999599547415,5.59999554989947,5.59999511258792,5.5999946683594,54.3943659021151,0,48.9329696220762,0,45.6575012390366,0,45.2373428078189,0,45.183301571837,0,45.1761545866905
112.999325884555,112.998120700899,112.997455975314,112.996794325799,112.996135459437,112.996126661861,112.996117442175,112.996108298152,112.996099526105,112.99609101355,112.996082771004,7779.1371644467,7559.70300666698,7417.54229743299,7261.90211726117,7178.55591358632,7065.2701759772,6946.06855389935,6793.20927062376,6649.84193665411,6471.63072056659,6323.79506365052,3260.9374875781,3131.6645840697,2979.22150175725,2862.72876846707,2760.81840203425,2692.93902438184,2613.87469131514,2532.14183008187,2441.90014360712,2356.24568985835,2297.37108648674,598.573146608871,539.293961912287,520.339080203551,501.838846154271,480.889728302962,464.536528272212,449.557075242827,437.789939255586,427.199015535489,416.796516073562,408.309257389312,138.989975243934,153.19042120673,122.538811379377,146.955837025994,117.552313242986,139.691551108893,111.744011306263,134.625371410843,107.691484127184,131.329453320041,105.055473661297,22.599865176911,22.5996241401798,22.5994911950628,22.5993588651598,22.5992270918875,22.5992253323721,22.599223488435,22.5992216596303,22.599219905221,22.5992182027099,22.5992165542008,58.693694571477,0,48.9330363597056,0,45.657501239022,0,45.2373428078133,0,45.1833015718527,0,45.1761545885374
2.99999978164271,2.99999938114649,2.99999916523909,2.9999989483996,2.99999872533736,2.99999849136867,2.99999824693628,2.99999800013362,2.99999776258173,2.99999753643084,2.99999731032863,7700.19316520428,7625.58105058597,7529.69877322259,7421.61876960559,7384.03070965205,7319.6953177943,7255.03081393296,7160.97773284826,7079.37558210054,6959.41790042677,6862.5689756188,3221.0622593228,3210.62248313956,3111.88677960548,3028.85579050352,2956.32490628365,2916.52321267607,2861.81312732662,2800.53995888224,2724.96236642174,2650.29267411127,2601.08852756453,608.822868563824,561.325424163357,549.007364054146,536.259745990621,520.259336327731,508.142920048066,496.613548878971,487.487051166968,478.752395222877,469.444253824852,461.492966657541,90.9936046795779,118.159046543787,94.5167748476775,124.538107452522,99.6195117556579,125.34436079062,100.264496536736,125.440189280773,100.34120508072,125.447532340057,100.347132977647,0.599999956328543,0.599999876229298,0.599999833047818,0.59999978967992,0.599999745067472,0.599999698273734,0.599999649387257,0.599999600026724,0.599999552516346,0.599999507286169,0.599999462065726,56.2939254171812,0,48.9330359572201,0,45.6575099033075,0,45.2373628429706,0,45.1833025062933,0,45.1761545866887
0,0,0,0,0,0,0,0,0,0,0,7700.63054442057,7761.76174223289,7695.87848033248,7618.56065840255,7603.02404356659,7558.77947074127,7517.38002485749,7452.69237593844,7408.4101641503,7327.52769949618,7265.83577595379,3235.06047422255,3282.7227583002,3231.15202441828,3174.96412595239,3126.06932340178,3109.60413231672,3075.53374909752,3031.22660721462,2965.99231010977,2896.93766205425,2851.68854186064,632.142701528235,588.372019191924,577.704718736475,566.574598390434,551.937252097204,540.752567482212,529.871367262035,521.202520166387,512.792066696576,503.636270266214,495.757484802,73.9950765884404,105.754900801604,84.5969232959753,116.604921252805,93.2762492610686,120.272370127772,96.2099919628509,122.199026736873,97.7512226546548,123.377925160894,98.6942944824531,0,0,0,0,0,0,0,0,0,0,0,55.4440516524017,0,48.9329696220778,0,45.6575103617767,0,45.2373423415864,0,45.1833336082754,0,45.1761545866938
0,0,0,0,0,0,0,0,0,0,0,7558.0599735665,7699.92545198485,7663.03047383221,7619.22304680302,7623.60335642373,7590.03325185107,7554.98799705561,7499.30512199228,7473.45609135398,7416.77159248683,7378.54164748185,3189.05633381512,3241.16855861936,3222.4337988904,3183.45328083828,3152.16123116644,3156.91270859475,3145.37040915518,3122.70618604182,3073.22070203763,3014.56307362246,2977.61799965163,647.312209802171,594.171539231207,582.463342148495,571.919351527778,558.613758322182,548.869921679945,539.617662819199,532.763729829318,526.333610307884,519.182806389148,513.303386953294,30.9991758819465,74.3725708306631,59.4941954601464,96.5268234075323,77.2164676553191,107.426699384993,85.935825064837,113.981603715256,91.1794368478622,118.122216236534,94.4917404294988,0,0,0,0,0,0,0,0,0,0,0,53.2944871860099,0,48.9330363597014,0,45.6575103617831,0,45.2373623767339,0,45.1833336082684,0,45.1761545866944
0,0,0,0,0,0,0,0,0,0,0,7268.73390779297,7435.34970936051,7425.11556709575,7425.38959268853,7465.10147056065,7455.40529946814,7431.50170582722,7381.66646014904,7367.64708039228,7329.44995333284,7310.49035935922,3080.26708060921,3124.62600573809,3129.79609130236,3101.70212245246,3081.83227504165,3103.54779248511,3114.00701260867,3116.24001076777,3087.5452017044,3043.82713449253,3018.79578523918,655.133373350675,586.66493921683,574.776483074515,565.861921160167,554.903425853691,547.404450401333,540.388899495838,535.754739802251,531.539005669375,526.473948846501,522.500710510983,60.9990932998934,96.272272575895,77.016395390946,110.54501723637,88.4343866419644,116.403719947961,93.1212669766832,119.732990689367,95.7846428182122,121.80961874444,97.4459227959076,0,0,0,0,0,0,0,0,0,0,0,54.7943809010561,0,48.9330363597011,0,45.6575103617773,0,45.2373428078167,0,45.1833015718417,0,45.1761545866875
0,0,0,0,0,0,0,0,0,0,0,6434.06590586772,6572.58079830535,6561.77785411951,6590.45766513477,6663.60607939407,6684.90020828881,6678.16899450745,6634.18306085073,6627.08462379796,6602.0184208259,6598.23399101709,2730.83757470966,2753.74036790403,2769.86973889258,2742.00469684538,2719.92852950632,2743.68321826057,2763.00006219248,2781.0721910587,2767.70371592091,2734.45789550331,2716.75097012067,613.604098308559,527.199268778065,514.076334558661,505.246830988744,494.923788837053,487.836385699187,481.166478668641,476.824806105254,472.91536986566,468.095550269235,464.252705660075,62.9999970500271,97.7341873350876,78.1873450586885,111.4828423852,89.1862687364156,117.006511717668,93.6046112246336,120.121024911271,96.0962077850017,122.060294416626,97.647615522664,0,0,0,0,0,0,0,0,0,0,0,54.8941943813284,0,48.932969622076,0,45.6575012390307,0,45.2373428078047,0,45.1833336082729,0,45.1761545866929
0,0,0,0,0,0,0,0,0,0,0,4436.4270498255,4546.39829855367,4517.50485182077,4553.15538427117,4647.30758568613,4700.48810228205,4718.37510697253,4687.10594721242,4690.36257431595,4681.70307650515,4698.58431920999,1874.18697318661,1873.97038027854,1897.16397277207,1869.84870340066,1842.65640171167,1861.9123932701,1881.90915161838,1909.5348065251,1908.91296335618,1885.3121740702,1874.28172806302,459.85518847957,366.985969348346,353.199791844297,344.527731806148,334.888523120049,328.320273580865,322.185487653658,318.389753037587,315.118356225207,310.9812183896,307.792178850447,172.999997511032,178.034210875467,142.427365451646,162.874860565571,130.299886274632,149.897417302828,119.917929942823,141.171702108355,112.937358775323,135.533185885094,108.426547024851,0,0,0,0,0,0,0,0,0,0,0,60.3942171742232,0,48.9329696220765,0,45.6575103617765,0,45.2373623749009,0,45.1833015718483,0,45.1761536519453
0,0,0,0,0,0,0,0,0,0,0,2131.62158075451,2227.0620553739,2177.46145201747,2202.71055974908,2298.17724267244,2371.24962570472,2409.2688377066,2389.07088461225,2398.94427808719,2402.79827828078,2439.37386780168,894.283697239294,873.77898756054,904.569989210018,883.76441060289,856.036163231212,872.171775557076,890.513559044372,924.173954566122,935.146496062359,921.805679469177,918.175874423612,262.005106748715,183.355607104679,170.819575278203,163.714728395313,156.05710942534,151.278100114294,146.929139368514,144.887424093611,143.417558607516,141.105965853858,139.674652041443,17.9999998972852,64.8842834378163,51.9074260169534,90.4589185220323,72.3671343902181,103.551208284804,82.840965043284,111.510132561362,89.2081028558569,116.549783314761,93.2398262069835,0,0,0,0,0,0,0,0,0,0,0,52.6442837410489,0,48.9329778237637,0,45.6575012390254,0,45.2373623749068,0,45.1833025062906,0,45.1761536519422
0,0,0,0,0,0,0,0,0,0,0,729.640056249269,809.904744361469,741.9916497493,745.929073774035,823.834719989653,898.480574167518,942.160247337231,921.328686912974,923.487055120933,923.367758270238,964.441145409407,316.805966056812,269.121642268022,302.571959164556,288.282593141581,260.459296879846,272.958502180422,286.121255282825,319.442527365865,336.58508014899,329.947424681895,330.759346753912,126.027273829853,73.6195217049373,62.3576676629932,56.5314070303903,50.4780779331357,47.0945677641841,44.1250573057062,43.4035595941766,43.2659372568906,42.2970890946163,42.1100700759823,25.9999999094788,70.724304814413,56.5794430829233,94.1965322255418,75.3572255181976,105.943290455897,84.7546311096872,113.04106580403,90.4328490268984,117.529579330296,94.0236631843327,0,0,0,0,0,0,0,0,0,0,0,53.0443051369488,0,48.9329778237585,0,45.6575103617746,0,45.2373623767368,0,45.183301571847,0,45.1761536519495
0.999999999512971,0.999999997448618,0.999999995156069,0.999999994934874,0.999999994542348,0.999999993830095,0.99999999188707,0.99999998904514,0.999999983404918,0.9999999800169,0.999999979599084,237.301441911871,306.448307591278,229.391905998456,214.199798729036,269.702354130715,338.808179677462,382.283487663749,357.425886965691,345.733213222425,331.325561275762,364.966270136606,133.564456828176,58.0594055832329,89.3209499951215,80.0051484429111,51.4131165006723,60.1718742865261,66.8188022110899,95.404864374594,113.932636403637,110.83975241265,114.177609340125,63.4942045870021,36.1361737258568,25.3200179789847,19.8256679230155,14.3980267427128,11.455159541638,8.92994433839035,8.6052029497572,8.87648531975967,8.34604381295503,8.50213242014192,52.9999998709374,90.4341845393202,72.3473465948321,106.810846817926,85.4486772447111,114.016451394772,91.2131600081332,118.207889085308,94.5663087754837,120.83634699027,96.6690773397792,0.199999999902594,0.199999999489724,0.199999999031214,0.199999998986975,0.19999999890847,0.199999998766019,0.199999998377414,0.199999997809028,0.199999996680984,0.19999999600338,0.199999995919817,54.3941850940375,0,48.9329696220751,0,45.6575099033083,0,45.2373623749082,0,45.183301571845,0,45.1761536519546
0,0,0,0,0,0,0,0,0,0,0,124.819153697616,190.241806560071,113.965567950356,87.6028537191195,124.387527003443,189.268436395018,234.658216009574,211.352121389719,190.636828921635,163.168836754964,187.698293840793,106.680296546098,12.6094989019536,39.9449960408161,35.5666744073979,6.82040980695172,13.3388024390536,15.1414190815199,38.344017768755,56.2457224375712,55.5561023049587,61.8371478151636,38.8494759167515,28.4465436706022,17.7320090511528,12.1742476704292,6.95246753217304,4.05298964417194,1.58735323692865,1.28466411687482,1.58860579855809,1.13639607398094,1.28153665339735,11.9999999794762,60.5043696047059,48.4034949469371,87.6557737254522,70.1246188613507,101.757204762692,81.4057630109941,110.361951760569,88.2895586316396,115.814978943491,92.6519829332337,0,0,0,0,0,0,0,0,0,0,0,52.3443697119893,0,48.9329778237518,0,45.657509903305,0,45.2373423415801,0,45.1833336082671,0,45.1761536519527
0,0,0,0,0,0,0,0,0,0,0,98.4466679166875,163.245583001199,93.0751851043845,61.4151053492864,83.0661284494117,144.727954197351,193.346961129079,176.795725476229,153.649240218198,118.253397070947,136.278372828429,108.919966246284,5.49180399153167,28.4333224475636,29.1027332598652,0.803069718785372,6.31877190073467,5.30853911329368,23.9168220235531,40.3088419392232,41.0573632024895,50.7610201257263,28.243651693413,27.3565544651425,16.769615691396,11.0982840870618,6.00524416359078,3.08937204571661,0.627363911331972,0.295260776089991,0.574134438869721,0.151630179464501,0.243944345298289,5.99999999281263,56.1242170275313,44.899372897738,84.8524756870598,67.8819804738355,99.9630940671377,79.9704746370704,109.2137216538,87.3709749231824,115.080079887776,92.0640637063632,0,0,0,0,0,0,0,0,0,0,0,52.0442170731185,0,48.932977421263,0,45.6575099033005,0,45.2373428078116,0,45.1833015718436,0,45.1761536519384
282.999999951635,211.719999722532,257.655999479254,248.468800046147,250.306239962963,249.938751850512,250.012249395188,249.997549624814,250.000489135635,249.99990120978,250.000019674291,84.532228746847,148.850310405462,86.5672414801447,52.8916000492992,61.8021114722869,119.680614509953,170.285001280279,162.358727804449,140.75287658339,101.737021489775,115.790126163541,112.305724578293,4.13562911872948,22.4661043882197,27.8786904634407,0.208435874922724,5.23604324893565,2.74451383802309,17.7274120905076,32.1867149316763,33.1084308135683,45.9948527987113,21.8696650595282,26.9294430393498,16.6828365872109,10.9099388377778,5.93067289376001,2.9995466703347,0.543566718955895,0.187879375289563,0.441177895126482,0.0532620894232157,0.106703072064651,22.9999999803462,68.5343519368688,54.8274806168439,92.7949540538403,74.2359631911454,105.046271100808,84.0370163874198,112.466974650983,89.9735776077315,117.162161924976,93.7297293437259,17.0000000483653,88.2800002774682,42.3440005207456,51.5311999538528,49.6937600370374,50.0612481494876,49.9877506048115,50.0024503751864,49.9995108643648,50.0000987902201,49.9999803257094,52.8943520842748,0,48.9329696220773,0,45.6575007805522,0,45.2373623749035,0,45.1833015718458,0,45.1761856944205
90.9999999883289,90.9999998838729,90.999999624334,90.9999996056105,90.9999995994711,90.9999995432143,90.9999994800996,90.9999993100128,90.9999990236151,90.9999986629303,90.9999986332047,72.9066807655841,136.245628298128,82.0705202851483,48.3312427496492,46.6786871831096,100.069570345679,150.504045056747,151.052078637682,132.602084936015,92.8564125576983,104.713672922748,115.165149845463,4.01792811918014,17.5322181379534,27.1438258992485,0.114604900841747,4.81497859686923,1.60173945545536,13.8388009713581,26.4099365364325,26.3523249285654,41.7388045502437,16.2199724194658,26.0969679161222,16.6661029157404,10.8052975303749,5.92712895991645,2.98310795016874,0.535796042992564,0.162345118947868,0.390697848178776,0.0401454211469856,0.0674148370954742,3.99999999743493,54.6643218664581,43.7314567136322,83.91814274719,67.1345141694439,99.3651210313556,79.4920964805018,108.831019249333,87.0648136868861,114.835150795916,91.868120449175,18.1999999976658,18.1999999767746,18.1999999248668,18.1999999211221,18.1999999198942,18.1999999086429,18.1999998960199,18.1999998620026,18.199999804723,18.1999997325861,18.1999997266409,51.9443218879218,0,48.9329774212735,0,45.6575099033154,0,45.2373428078186,0,45.1833015718439,0,45.1761536519441
0,0,0,0,0,0,0,0,0,0,0,62.6736459455572,124.562004567473,78.070206384802,45.4824017820449,35.430035587799,84.1033536195238,132.360469046308,140.51242548135,125.50331500879,86.853393843263,97.7991447605082,117.544112532196,5.00560830454435,13.3193754457466,26.4847339281933,0.0705858789954164,4.49090231818875,0.975071505302699,11.1601377725552,22.2197237767872,20.4084064046186,37.4246482149482,10.8414352518848,24.4168044708809,16.6519616857617,10.7162474711793,5.92676872208308,2.97109603600664,0.533376412970751,0.14597312436614,0.34942254878528,0.0357503176087582,0.0456486750672116,0.999999999476201,52.4742955382578,41.9794356517959,82.5165263079442,66.0132210297098,98.4680865290359,78.7744689775712,108.256917286619,86.6055324301227,114.467726700507,91.574181171826,0,0,0,0,0,0,0,0,0,0,0,51.7942955427779,0,48.9329778237596,0,45.6575099033016,0,45.2373428078039,0,45.1833025062953,0,45.1761536519504
0,0,0,0,0,0,0,0,0,0,0,53.6938876597832,113.759686947598,74.2417480626732,43.5366116430208,27.0729845205523,71.254232108084,115.77082466772,130.509333669054,118.599450686629,82.0920569213141,93.0914271089269,118.781881289159,7.33226317897997,9.83453103356141,25.8756331316461,0.0431844962506577,4.19900104959974,0.608766488592012,9.23116596755357,19.268069866223,15.3557568325871,33.0813210963282,6.38854324150543,21.5575842036338,16.63509644416,10.6383143959345,5.92625292037275,2.95987877562251,0.531989676290214,0.133415478043972,0.312392161124098,0.033650523049276,0.0321946443191736,5.99999999715587,56.1242170517302,44.8993727803321,84.8524760156674,67.881980801688,99.9630943515398,79.9704753052443,109.213741935859,87.3709924095466,115.080093717299,92.0640747744519,0,0,0,0,0,0,0,0,0,0,0,52.0442170743453,0,48.9329778237661,0,45.6575099033094,0,45.2373623767439,0,45.1833015718438,0,45.1761536519478
0,0,0,0,0,0,0,0,0,0,0,45.8693181212616,103.8201773881,70.4557070380586,42.0486034119578,20.8628585478184,61.0692569377259,100.746681348985,121.091094886621,111.718295993042,77.8420423428333,89.6164472612208,118.395929795123,10.9541043782016,7.05831809213023,25.3113904009073,0.0259995773829625,3.92560018695103,0.386190559840414,7.77425250929238,17.2256638736005,11.2307203423441,28.7936315197026,3.35118298212078,17.5159227189566,16.6100849038732,10.5702530032967,5.92558516493978,2.94936335668725,0.531184602007451,0.123505115484493,0.278939808667194,0.0325589092641769,0.0237168398010225,7.99999999623611,57.5842701609968,46.0674152216721,85.7869685116397,68.6295748011762,100.561160899622,80.4489285955886,109.596504593719,87.6772027658315,115.325094033729,92.2600750149549,0,0,0,0,0,0,0,0,0,0,0,52.1442701861637,0,48.9330363596995,0,45.6575012390308,0,45.2373623767401,0,45.1833336082756,0,45.1761536519487
0,0,0,0,0,0,0,0,0,0,0,39.1755664078735,94.7114077064164,66.6661836904682,40.7730604630513,16.2215882791555,53.1081121124481,87.2632659720971,112.309945572728,104.898696074929,73.7742331115565,86.844804659159,116.391826947847,15.3421179286685,4.94181828953243,24.7873155170893,0.0153902345980586,3.66651614278423,0.247602990483303,6.6271580362033,15.8025529748461,7.99861710211604,24.6526497686726,1.66020632203413,12.7895001472369,16.5630743557263,10.5109374827886,5.92482252848595,2.93956152158332,0.530758680236176,0.115492918992707,0.248708058015256,0.0319308827608672,0.0182292360873588,10.999999994525,59.7742954552634,47.8194354038135,87.188584663729,69.7508677233387,101.458203917292,81.1665630447417,110.170612178942,88.1364890240524,115.692491950066,92.5539933328268,0,0,0,0,0,0,0,0,0,0,0,52.2942954842931,0,48.9330363596973,0,45.6575099033052,0,45.237362374906,0,45.183302508134,0,45.1761536519457
0,0,0,0,0,0,0,0,0,0,0,33.9164449719222,86.3914808179413,62.8742924465305,39.5835961769692,12.716138543712,46.9601162923403,75.2604612282751,104.184527532834,98.2284115828068,69.7612536998744,84.4731217669498,112.804316824198,19.6280810943559,3.42882742195875,24.2985691185236,0.00895551161258483,3.42027904390267,0.16015984647672,5.69930772548966,14.7722975416391,5.56885569016931,20.744672950517,0.893012250000644,8.22405068351426,16.4623780351054,10.4593102429765,5.92399226013635,2.93047228080357,0.530583776726852,0.108838907688997,0.221412046333679,0.0315164998198317,0.0145275088910422,189.999999896432,190.444212907754,152.355367226421,170.817337898665,136.653870302435,154.980605863461,123.984484589346,144.424949140186,115.539958574459,137.615266151168,110.092212631787,0,0,0,0,0,0,0,0,0,0,0,61.2442133326235,0,48.9330441588875,0,45.6575099033074,0,45.2373623749042,0,45.1833015736813,0,45.1761536519479
0,0,0,0,0,0,0,0,0,0,0,31.2390611634461,78.8118743798862,59.1064739857339,38.4206053370489,10.0324483343728,42.2580426459649,64.6532933955632,96.7066860290344,91.7857404274759,65.777046702199,82.3129275025294,106.848283028827,23.0310967279236,2.48174844759577,23.8402450906913,0.00512245272425016,3.18627293744672,0.104539974741908,4.93932851572801,13.9755047685731,3.81663472459987,17.1435458951806,0.609514328277619,4.5839006798075,16.2464149907258,10.4143979414751,5.92310568400148,2.92208194787759,0.530575305366053,0.103155991001431,0.196800587209876,0.0312027179855788,0.011898035064174,172.999999895246,178.034216852368,142.427370566386,162.874932787756,130.299946211346,149.897467102782,119.917973602953,141.171720877907,112.93737613707,135.533200320043,108.426559951326,0,0,0,0,0,0,0,0,0,0,0,60.3942171851492,0,48.9330363596978,0,45.65751036178,0,45.237342807819,0,45.1833015736797,0,45.1761536519473
0,0,0,0,0,0,0,0,0,0,0,33.2351121144927,71.9198963104738,55.3996983904238,37.2597455826216,7.94822074767603,38.6850778698571,55.3406642881229,89.8526623609258,85.6248729509205,61.8430981060847,80.2373871195176,96.6466401227272,25.2191049671747,2.10119097830995,23.4074598916488,0.00288001874585619,2.96414983612711,0.0688862978003079,4.31513046043274,13.3099223767623,2.60455485390561,13.9050519882853,0.524296397240732,2.18888709216529,15.8159856803405,10.3753140055272,5.92216683825447,2.91436710858647,0.530676124359548,0.0981700456677588,0.174643868476063,0.0309385899743543,0.00992665112390935,197.999999866487,196.2841800866,157.027340483836,174.554908327254,139.64392663699,157.37265101127,125.898120734572,145.955858183669,116.764686083461,138.595048292974,110.876038300974,0,0,0,0,0,0,0,0,0,0,0,61.6441804206559,0,48.933035957216,0,45.6575099033075,0,45.2373623749047,0,45.1833015736926,0,45.1761536537864
0,0,0,0,0,0,0,0,0,0,0,41.2040038877068,65.6607992760203,51.7913953479049,36.0942247367669,6.30836657107214,35.9763001447058,47.2122809066888,83.590532952651,79.7779788291171,57.9983252882602,78.1585231893832,80.970930512793,26.3335051371618,2.32484740583863,22.9954343479439,0.00159159569568337,2.75363404025713,0.0458096420502394,3.80358835355316,12.7153750535753,1.80026334009528,11.0637308839693,0.503569193201712,0.888680466010834,15.0439832085411,10.3412522072983,5.92117676774519,2.90729739695494,0.530847054236679,0.0936893994465835,0.154729175159326,0.0307006806360389,0.00837630357966016,58.9999999558506,94.814170848893,75.8513351397645,109.614072101161,87.6912576618606,115.810516389771,92.6484130579501,119.356092307627,95.484873538238,121.571230769619,97.256984302957,0,0,0,0,0,0,0,0,0,0,0,54.6941709381242,0,48.9330039941837,0,45.657510361778,0,45.2373623767386,0,45.1833336082693,0,45.1761545866902
0,0,0,0,0,0,0,0,0,0,0,52.8587573533176,59.9796259844167,48.3133282740308,34.9254548551023,5.00495802127367,33.9162674745324,40.1542701178385,77.8841531015428,74.2616454356029,54.282113502853,76.0179437260993,62.1010887316969,26.7449806375512,3.19396476324252,22.5995738388004,0.000864532849296439,2.55445580156315,0.0307007323920764,3.38596097178865,12.1592670601343,1.28818378026659,8.63221862254979,0.49961189858291,0.306146610264766,13.8138663540861,10.311468105034,5.92013547354723,2.90083784272261,0.531061053076148,0.0895816542275233,0.1368591365281,0.0304776844393119,0.00711166398445471,11.9999999900983,60.5042452996059,48.403395271868,87.6557198043062,70.1245758250281,101.757170958576,81.4057367170839,110.361951349605,88.2895608397369,115.814949727693,92.6519594640014,0,0,0,0,0,0,0,0,0,0,0,52.3442453162311,0,48.9330035885401,0,45.6575103617756,0,45.2373623767421,0,45.1833025081396,0,45.1761729544774
0,0,0,0,0,0,0,0,0,0,0,62.78661151865,54.8227506001199,44.9887371883042,33.7583753381458,3.96207470861345,32.3341516964674,34.0536421378486,72.6951779812693,69.0827096326771,50.7256930040518,73.7821051631645,45.41613641792,26.7996611923663,4.69310379772936,22.2155639219646,0.000461565359305128,2.36633029532478,0.0206891652292836,3.04614756035628,11.6253530309357,0.975183775025811,6.6028671197538,0.499153677088333,0.0905359515774514,12.0816056581629,10.2852329157174,5.91904270527747,2.89495076139719,0.531299471314648,0.0857563623767574,0.120850716333962,0.0302637636731844,0.00605433226410924,8.99999999187332,58.3142438637508,46.651394178543,86.2541193361282,69.0032954473694,100.860146672584,80.6881172841963,109.787855858293,87.8302844757116,115.447528741507,92.3580226551866,0,0,0,0,0,0,0,0,0,0,0,52.1942438753958,0,48.9330039941826,0,45.6575103617792,0,45.2373623767454,0,45.1833025062951,0,45.176154586688
